{"cameraMode":{"drawMode":0,"name":"Shaded","section":"Shading Mode"},"sceneLighting":false,"audioPlay":false,"sceneViewState":{"showFog":true,"showMaterialUpdate":false,"showSkybox":false,"showFlares":true,"showImageEffects":true,"showParticleSystems":true},"in2DMode":false,"pivot":{"x":-12.834335327148438,"y":0.27441146969795229,"z":16.327295303344728},"rotation":{"x":0.1467752754688263,"y":-0.3616880476474762,"z":0.05777428671717644,"w":0.9188602566719055},"size":2.872281312942505,"orthographic":true}